"Gene","Gene_Name","Entrez_ID","Pathway_ID","Pathway_Name","Source","Phenotype"
"NRG3","neuregulin 3","10718","R-HSA-1227990","Homo sapiens: Signaling by ERBB2 in Cancer","Reactome_Pathways","cancer"
"CDC37","cell division cycle 37, HSP90 cochaperone","11140","R-HSA-1227990","Homo sapiens: Signaling by ERBB2 in Cancer","Reactome_Pathways","cancer"
"NRG4","neuregulin 4","145957","R-HSA-1227990","Homo sapiens: Signaling by ERBB2 in Cancer","Reactome_Pathways","cancer"
"HBEGF","heparin binding EGF like growth factor","1839","R-HSA-1227990","Homo sapiens: Signaling by ERBB2 in Cancer","Reactome_Pathways","cancer"
"EGF","epidermal growth factor","1950","R-HSA-1227990","Homo sapiens: Signaling by ERBB2 in Cancer","Reactome_Pathways","cancer"
"EGFR","epidermal growth factor receptor","1956","R-HSA-1227990","Homo sapiens: Signaling by ERBB2 in Cancer","Reactome_Pathways","cancer"
"ERBB2","erb-b2 receptor tyrosine kinase 2","2064","R-HSA-1227990","Homo sapiens: Signaling by ERBB2 in Cancer","Reactome_Pathways","cancer"
"ERBB3","erb-b2 receptor tyrosine kinase 3","2065","R-HSA-1227990","Homo sapiens: Signaling by ERBB2 in Cancer","Reactome_Pathways","cancer"
"ERBB4","erb-b2 receptor tyrosine kinase 4","2066","R-HSA-1227990","Homo sapiens: Signaling by ERBB2 in Cancer","Reactome_Pathways","cancer"
"EREG","epiregulin","2069","R-HSA-1227990","Homo sapiens: Signaling by ERBB2 in Cancer","Reactome_Pathways","cancer"
"GAB1","GRB2 associated binding protein 1","2549","R-HSA-1227990","Homo sapiens: Signaling by ERBB2 in Cancer","Reactome_Pathways","cancer"
"GRB2","growth factor receptor bound protein 2","2885","R-HSA-1227990","Homo sapiens: Signaling by ERBB2 in Cancer","Reactome_Pathways","cancer"
"NRG1","neuregulin 1","3084","R-HSA-1227990","Homo sapiens: Signaling by ERBB2 in Cancer","Reactome_Pathways","cancer"
"HRAS","HRas proto-oncogene, GTPase","3265","R-HSA-1227990","Homo sapiens: Signaling by ERBB2 in Cancer","Reactome_Pathways","cancer"
"HSP90AA1","heat shock protein 90 alpha family class A member 1","3320","R-HSA-1227990","Homo sapiens: Signaling by ERBB2 in Cancer","Reactome_Pathways","cancer"
"KRAS","KRAS proto-oncogene, GTPase","3845","R-HSA-1227990","Homo sapiens: Signaling by ERBB2 in Cancer","Reactome_Pathways","cancer"
"NRAS","NRAS proto-oncogene, GTPase","4893","R-HSA-1227990","Homo sapiens: Signaling by ERBB2 in Cancer","Reactome_Pathways","cancer"
"PIK3CA","phosphatidylinositol-4,5-bisphosphate 3-kinase catalytic subunit alpha","5290","R-HSA-1227990","Homo sapiens: Signaling by ERBB2 in Cancer","Reactome_Pathways","cancer"
"PIK3R1","phosphoinositide-3-kinase regulatory subunit 1","5295","R-HSA-1227990","Homo sapiens: Signaling by ERBB2 in Cancer","Reactome_Pathways","cancer"
"PLCG1","phospholipase C gamma 1","5335","R-HSA-1227990","Homo sapiens: Signaling by ERBB2 in Cancer","Reactome_Pathways","cancer"
"ERBIN","erbb2 interacting protein","55914","R-HSA-1227990","Homo sapiens: Signaling by ERBB2 in Cancer","Reactome_Pathways","cancer"
"PTPN12","protein tyrosine phosphatase non-receptor type 12","5782","R-HSA-1227990","Homo sapiens: Signaling by ERBB2 in Cancer","Reactome_Pathways","cancer"
"SHC1","SHC adaptor protein 1","6464","R-HSA-1227990","Homo sapiens: Signaling by ERBB2 in Cancer","Reactome_Pathways","cancer"
"SOS1","SOS Ras/Rac guanine nucleotide exchange factor 1","6654","R-HSA-1227990","Homo sapiens: Signaling by ERBB2 in Cancer","Reactome_Pathways","cancer"
"BTC","betacellulin","685","R-HSA-1227990","Homo sapiens: Signaling by ERBB2 in Cancer","Reactome_Pathways","cancer"
"NRG2","neuregulin 2","9542","R-HSA-1227990","Homo sapiens: Signaling by ERBB2 in Cancer","Reactome_Pathways","cancer"
"RPS27A","ribosomal protein S27a","6233","R-HSA-1236382","Homo sapiens: Constitutive Signaling by Ligand-Responsive EGFR Cancer Variants","Reactome_Pathways","cancer"
"UBA52","ubiquitin A-52 residue ribosomal protein fusion product 1","7311","R-HSA-1236382","Homo sapiens: Constitutive Signaling by Ligand-Responsive EGFR Cancer Variants","Reactome_Pathways","cancer"
"UBB","ubiquitin B","7314","R-HSA-1236382","Homo sapiens: Constitutive Signaling by Ligand-Responsive EGFR Cancer Variants","Reactome_Pathways","cancer"
"UBC","ubiquitin C","7316","R-HSA-1236382","Homo sapiens: Constitutive Signaling by Ligand-Responsive EGFR Cancer Variants","Reactome_Pathways","cancer"
"CBL","Cbl proto-oncogene","867","R-HSA-1236382","Homo sapiens: Constitutive Signaling by Ligand-Responsive EGFR Cancer Variants","Reactome_Pathways","cancer"
"EPGN","epithelial mitogen","255324","R-HSA-1643713","Homo sapiens: Signaling by EGFR in Cancer","Reactome_Pathways","cancer"
"AREG","amphiregulin","374","R-HSA-1643713","Homo sapiens: Signaling by EGFR in Cancer","Reactome_Pathways","cancer"
"TGFA","transforming growth factor alpha","7039","R-HSA-1643713","Homo sapiens: Signaling by EGFR in Cancer","Reactome_Pathways","cancer"
"AKT3","AKT serine/threonine kinase 3","10000","R-HSA-2219528","Homo sapiens: PI3K/AKT Signaling in Cancer","Reactome_Pathways","cancer"
"CDKN1A","cyclin dependent kinase inhibitor 1A","1026","R-HSA-2219528","Homo sapiens: PI3K/AKT Signaling in Cancer","Reactome_Pathways","cancer"
"CDKN1B","cyclin dependent kinase inhibitor 1B","1027","R-HSA-2219528","Homo sapiens: PI3K/AKT Signaling in Cancer","Reactome_Pathways","cancer"
"FRS2","fibroblast growth factor receptor substrate 2","10818","R-HSA-2219528","Homo sapiens: PI3K/AKT Signaling in Cancer","Reactome_Pathways","cancer"
"CHUK","component of inhibitor of nuclear factor kappa B kinase complex","1147","R-HSA-2219528","Homo sapiens: PI3K/AKT Signaling in Cancer","Reactome_Pathways","cancer"
"PIK3AP1","phosphoinositide-3-kinase adaptor protein 1","118788","R-HSA-2219528","Homo sapiens: PI3K/AKT Signaling in Cancer","Reactome_Pathways","cancer"
"CREB1","cAMP responsive element binding protein 1","1385","R-HSA-2219528","Homo sapiens: PI3K/AKT Signaling in Cancer","Reactome_Pathways","cancer"
"KLB","klotho beta","152831","R-HSA-2219528","Homo sapiens: PI3K/AKT Signaling in Cancer","Reactome_Pathways","cancer"
"AKT1","AKT serine/threonine kinase 1","207","R-HSA-2219528","Homo sapiens: PI3K/AKT Signaling in Cancer","Reactome_Pathways","cancer"
"AKT2","AKT serine/threonine kinase 2","208","R-HSA-2219528","Homo sapiens: PI3K/AKT Signaling in Cancer","Reactome_Pathways","cancer"
"ESR1","estrogen receptor 1","2099","R-HSA-2219528","Homo sapiens: PI3K/AKT Signaling in Cancer","Reactome_Pathways","cancer"
"ESR2","estrogen receptor 2","2100","R-HSA-2219528","Homo sapiens: PI3K/AKT Signaling in Cancer","Reactome_Pathways","cancer"
"FGF1","fibroblast growth factor 1","2246","R-HSA-2219528","Homo sapiens: PI3K/AKT Signaling in Cancer","Reactome_Pathways","cancer"
"FGF2","fibroblast growth factor 2","2247","R-HSA-2219528","Homo sapiens: PI3K/AKT Signaling in Cancer","Reactome_Pathways","cancer"
"FGF3","fibroblast growth factor 3","2248","R-HSA-2219528","Homo sapiens: PI3K/AKT Signaling in Cancer","Reactome_Pathways","cancer"
"FGF4","fibroblast growth factor 4","2249","R-HSA-2219528","Homo sapiens: PI3K/AKT Signaling in Cancer","Reactome_Pathways","cancer"
"FGF5","fibroblast growth factor 5","2250","R-HSA-2219528","Homo sapiens: PI3K/AKT Signaling in Cancer","Reactome_Pathways","cancer"
"FGF6","fibroblast growth factor 6","2251","R-HSA-2219528","Homo sapiens: PI3K/AKT Signaling in Cancer","Reactome_Pathways","cancer"
"FGF7","fibroblast growth factor 7","2252","R-HSA-2219528","Homo sapiens: PI3K/AKT Signaling in Cancer","Reactome_Pathways","cancer"
"FGF8","fibroblast growth factor 8","2253","R-HSA-2219528","Homo sapiens: PI3K/AKT Signaling in Cancer","Reactome_Pathways","cancer"
"FGF9","fibroblast growth factor 9","2254","R-HSA-2219528","Homo sapiens: PI3K/AKT Signaling in Cancer","Reactome_Pathways","cancer"
"FGF10","fibroblast growth factor 10","2255","R-HSA-2219528","Homo sapiens: PI3K/AKT Signaling in Cancer","Reactome_Pathways","cancer"
"FGFR1","fibroblast growth factor receptor 1","2260","R-HSA-2219528","Homo sapiens: PI3K/AKT Signaling in Cancer","Reactome_Pathways","cancer"
"FGFR3","fibroblast growth factor receptor 3","2261","R-HSA-2219528","Homo sapiens: PI3K/AKT Signaling in Cancer","Reactome_Pathways","cancer"
"FGFR2","fibroblast growth factor receptor 2","2263","R-HSA-2219528","Homo sapiens: PI3K/AKT Signaling in Cancer","Reactome_Pathways","cancer"
"FGFR4","fibroblast growth factor receptor 4","2264","R-HSA-2219528","Homo sapiens: PI3K/AKT Signaling in Cancer","Reactome_Pathways","cancer"
"FOXO1","forkhead box O1","2308","R-HSA-2219528","Homo sapiens: PI3K/AKT Signaling in Cancer","Reactome_Pathways","cancer"
"FOXO3","forkhead box O3","2309","R-HSA-2219528","Homo sapiens: PI3K/AKT Signaling in Cancer","Reactome_Pathways","cancer"
"FLT3","fms related receptor tyrosine kinase 3","2322","R-HSA-2219528","Homo sapiens: PI3K/AKT Signaling in Cancer","Reactome_Pathways","cancer"
"FLT3LG","fms related receptor tyrosine kinase 3 ligand","2323","R-HSA-2219528","Homo sapiens: PI3K/AKT Signaling in Cancer","Reactome_Pathways","cancer"
"MTOR","mechanistic target of rapamycin kinase","2475","R-HSA-2219528","Homo sapiens: PI3K/AKT Signaling in Cancer","Reactome_Pathways","cancer"
"RICTOR","RPTOR independent companion of MTOR complex 2","253260","R-HSA-2219528","Homo sapiens: PI3K/AKT Signaling in Cancer","Reactome_Pathways","cancer"
"FYN","FYN proto-oncogene, Src family tyrosine kinase","2534","R-HSA-2219528","Homo sapiens: PI3K/AKT Signaling in Cancer","Reactome_Pathways","cancer"
"FGF20","fibroblast growth factor 20","26281","R-HSA-2219528","Homo sapiens: PI3K/AKT Signaling in Cancer","Reactome_Pathways","cancer"
"FGF22","fibroblast growth factor 22","27006","R-HSA-2219528","Homo sapiens: PI3K/AKT Signaling in Cancer","Reactome_Pathways","cancer"
"GSK3A","glycogen synthase kinase 3 alpha","2931","R-HSA-2219528","Homo sapiens: PI3K/AKT Signaling in Cancer","Reactome_Pathways","cancer"
"GSK3B","glycogen synthase kinase 3 beta","2932","R-HSA-2219528","Homo sapiens: PI3K/AKT Signaling in Cancer","Reactome_Pathways","cancer"
"ICOS","inducible T cell costimulator","29851","R-HSA-2219528","Homo sapiens: PI3K/AKT Signaling in Cancer","Reactome_Pathways","cancer"
"HGF","hepatocyte growth factor","3082","R-HSA-2219528","Homo sapiens: PI3K/AKT Signaling in Cancer","Reactome_Pathways","cancer"
"NR4A1","nuclear receptor subfamily 4 group A member 1","3164","R-HSA-2219528","Homo sapiens: PI3K/AKT Signaling in Cancer","Reactome_Pathways","cancer"
"IRS1","insulin receptor substrate 1","3667","R-HSA-2219528","Homo sapiens: PI3K/AKT Signaling in Cancer","Reactome_Pathways","cancer"
"KIT","KIT proto-oncogene, receptor tyrosine kinase","3815","R-HSA-2219528","Homo sapiens: PI3K/AKT Signaling in Cancer","Reactome_Pathways","cancer"
"RHOG","ras homolog family member G","391","R-HSA-2219528","Homo sapiens: PI3K/AKT Signaling in Cancer","Reactome_Pathways","cancer"
"LCK","LCK proto-oncogene, Src family tyrosine kinase","3932","R-HSA-2219528","Homo sapiens: PI3K/AKT Signaling in Cancer","Reactome_Pathways","cancer"
"MDM2","MDM2 proto-oncogene","4193","R-HSA-2219528","Homo sapiens: PI3K/AKT Signaling in Cancer","Reactome_Pathways","cancer"
"MET","MET proto-oncogene, receptor tyrosine kinase","4233","R-HSA-2219528","Homo sapiens: PI3K/AKT Signaling in Cancer","Reactome_Pathways","cancer"
"KITLG","KIT ligand","4254","R-HSA-2219528","Homo sapiens: PI3K/AKT Signaling in Cancer","Reactome_Pathways","cancer"
"FOXO4","forkhead box O4","4303","R-HSA-2219528","Homo sapiens: PI3K/AKT Signaling in Cancer","Reactome_Pathways","cancer"
"TRAT1","T cell receptor associated transmembrane adaptor 1","50852","R-HSA-2219528","Homo sapiens: PI3K/AKT Signaling in Cancer","Reactome_Pathways","cancer"
"PDGFA","platelet derived growth factor subunit A","5154","R-HSA-2219528","Homo sapiens: PI3K/AKT Signaling in Cancer","Reactome_Pathways","cancer"
"PDGFB","platelet derived growth factor subunit B","5155","R-HSA-2219528","Homo sapiens: PI3K/AKT Signaling in Cancer","Reactome_Pathways","cancer"
"PDGFRA","platelet derived growth factor receptor alpha","5156","R-HSA-2219528","Homo sapiens: PI3K/AKT Signaling in Cancer","Reactome_Pathways","cancer"
"PDGFRB","platelet derived growth factor receptor beta","5159","R-HSA-2219528","Homo sapiens: PI3K/AKT Signaling in Cancer","Reactome_Pathways","cancer"
"PDPK1","3-phosphoinositide dependent protein kinase 1","5170","R-HSA-2219528","Homo sapiens: PI3K/AKT Signaling in Cancer","Reactome_Pathways","cancer"
"PIK3CB","phosphatidylinositol-4,5-bisphosphate 3-kinase catalytic subunit beta","5291","R-HSA-2219528","Homo sapiens: PI3K/AKT Signaling in Cancer","Reactome_Pathways","cancer"
"PIK3CD","phosphatidylinositol-4,5-bisphosphate 3-kinase catalytic subunit delta","5293","R-HSA-2219528","Homo sapiens: PI3K/AKT Signaling in Cancer","Reactome_Pathways","cancer"
"PIK3R2","phosphoinositide-3-kinase regulatory subunit 2","5296","R-HSA-2219528","Homo sapiens: PI3K/AKT Signaling in Cancer","Reactome_Pathways","cancer"
"PRR5","proline rich 5","55615","R-HSA-2219528","Homo sapiens: PI3K/AKT Signaling in Cancer","Reactome_Pathways","cancer"
"BAD","BCL2 associated agonist of cell death","572","R-HSA-2219528","Homo sapiens: PI3K/AKT Signaling in Cancer","Reactome_Pathways","cancer"
"PTEN","phosphatase and tensin homolog","5728","R-HSA-2219528","Homo sapiens: PI3K/AKT Signaling in Cancer","Reactome_Pathways","cancer"
"PTPN11","protein tyrosine phosphatase non-receptor type 11","5781","R-HSA-2219528","Homo sapiens: PI3K/AKT Signaling in Cancer","Reactome_Pathways","cancer"
"RAC1","Rac family small GTPase 1","5879","R-HSA-2219528","Homo sapiens: PI3K/AKT Signaling in Cancer","Reactome_Pathways","cancer"
"RAC2","Rac family small GTPase 2","5880","R-HSA-2219528","Homo sapiens: PI3K/AKT Signaling in Cancer","Reactome_Pathways","cancer"
"RPS6KB2","ribosomal protein S6 kinase B2","6199","R-HSA-2219528","Homo sapiens: PI3K/AKT Signaling in Cancer","Reactome_Pathways","cancer"
"MLST8","MTOR associated protein, LST8 homolog","64223","R-HSA-2219528","Homo sapiens: PI3K/AKT Signaling in Cancer","Reactome_Pathways","cancer"
"SRC","SRC proto-oncogene, non-receptor tyrosine kinase","6714","R-HSA-2219528","Homo sapiens: PI3K/AKT Signaling in Cancer","Reactome_Pathways","cancer"
"STRN","striatin","6801","R-HSA-2219528","Homo sapiens: PI3K/AKT Signaling in Cancer","Reactome_Pathways","cancer"
"TSC2","TSC complex subunit 2","7249","R-HSA-2219528","Homo sapiens: PI3K/AKT Signaling in Cancer","Reactome_Pathways","cancer"
"VAV1","vav guanine nucleotide exchange factor 1","7409","R-HSA-2219528","Homo sapiens: PI3K/AKT Signaling in Cancer","Reactome_Pathways","cancer"
"MAPKAP1","MAPK associated protein 1","79109","R-HSA-2219528","Homo sapiens: PI3K/AKT Signaling in Cancer","Reactome_Pathways","cancer"
"FGF23","fibroblast growth factor 23","8074","R-HSA-2219528","Homo sapiens: PI3K/AKT Signaling in Cancer","Reactome_Pathways","cancer"
"CASP9","caspase 9","842","R-HSA-2219528","Homo sapiens: PI3K/AKT Signaling in Cancer","Reactome_Pathways","cancer"
"AKT1S1","AKT1 substrate 1","84335","R-HSA-2219528","Homo sapiens: PI3K/AKT Signaling in Cancer","Reactome_Pathways","cancer"
"PIK3R3","phosphoinositide-3-kinase regulatory subunit 3","8503","R-HSA-2219528","Homo sapiens: PI3K/AKT Signaling in Cancer","Reactome_Pathways","cancer"
"IRS2","insulin receptor substrate 2","8660","R-HSA-2219528","Homo sapiens: PI3K/AKT Signaling in Cancer","Reactome_Pathways","cancer"
"FGF18","fibroblast growth factor 18","8817","R-HSA-2219528","Homo sapiens: PI3K/AKT Signaling in Cancer","Reactome_Pathways","cancer"
"FGF17","fibroblast growth factor 17","8822","R-HSA-2219528","Homo sapiens: PI3K/AKT Signaling in Cancer","Reactome_Pathways","cancer"
"FGF16","fibroblast growth factor 16","8823","R-HSA-2219528","Homo sapiens: PI3K/AKT Signaling in Cancer","Reactome_Pathways","cancer"
"CD19","CD19 molecule","930","R-HSA-2219528","Homo sapiens: PI3K/AKT Signaling in Cancer","Reactome_Pathways","cancer"
"KL","klotho","9365","R-HSA-2219528","Homo sapiens: PI3K/AKT Signaling in Cancer","Reactome_Pathways","cancer"
"CD28","CD28 molecule","940","R-HSA-2219528","Homo sapiens: PI3K/AKT Signaling in Cancer","Reactome_Pathways","cancer"
"CD80","CD80 molecule","941","R-HSA-2219528","Homo sapiens: PI3K/AKT Signaling in Cancer","Reactome_Pathways","cancer"
"CD86","CD86 molecule","942","R-HSA-2219528","Homo sapiens: PI3K/AKT Signaling in Cancer","Reactome_Pathways","cancer"
"GAB2","GRB2 associated binding protein 2","9846","R-HSA-2219528","Homo sapiens: PI3K/AKT Signaling in Cancer","Reactome_Pathways","cancer"
"FGF19","fibroblast growth factor 19","9965","R-HSA-2219528","Homo sapiens: PI3K/AKT Signaling in Cancer","Reactome_Pathways","cancer"
"HDAC6","histone deacetylase 6","10013","R-HSA-2644602","Homo sapiens: Signaling by NOTCH1 PEST Domain Mutants in Cancer","Reactome_Pathways","cancer"
"HDAC5","histone deacetylase 5","10014","R-HSA-2644602","Homo sapiens: Signaling by NOTCH1 PEST Domain Mutants in Cancer","Reactome_Pathways","cancer"
"MAMLD1","mastermind like domain containing 1","10046","R-HSA-2644602","Homo sapiens: Signaling by NOTCH1 PEST Domain Mutants in Cancer","Reactome_Pathways","cancer"
"ADAM10","ADAM metallopeptidase domain 10","102","R-HSA-2644602","Homo sapiens: Signaling by NOTCH1 PEST Domain Mutants in Cancer","Reactome_Pathways","cancer"
"CDK8","cyclin dependent kinase 8","1024","R-HSA-2644602","Homo sapiens: Signaling by NOTCH1 PEST Domain Mutants in Cancer","Reactome_Pathways","cancer"
"CREBBP","CREB binding protein","1387","R-HSA-2644602","Homo sapiens: Signaling by NOTCH1 PEST Domain Mutants in Cancer","Reactome_Pathways","cancer"
"MIB2","MIB E3 ubiquitin protein ligase 2","142678","R-HSA-2644602","Homo sapiens: Signaling by NOTCH1 PEST Domain Mutants in Cancer","Reactome_Pathways","cancer"
"JAG1","jagged canonical Notch ligand 1","182","R-HSA-2644602","Homo sapiens: Signaling by NOTCH1 PEST Domain Mutants in Cancer","Reactome_Pathways","cancer"
"EP300","E1A binding protein p300","2033","R-HSA-2644602","Homo sapiens: Signaling by NOTCH1 PEST Domain Mutants in Cancer","Reactome_Pathways","cancer"
"SNW1","SNW domain containing 1","22938","R-HSA-2644602","Homo sapiens: Signaling by NOTCH1 PEST Domain Mutants in Cancer","Reactome_Pathways","cancer"
"NCSTN","nicastrin","23385","R-HSA-2644602","Homo sapiens: Signaling by NOTCH1 PEST Domain Mutants in Cancer","Reactome_Pathways","cancer"
"HEY1","hes related family bHLH transcription factor with YRPW motif 1","23462","R-HSA-2644602","Homo sapiens: Signaling by NOTCH1 PEST Domain Mutants in Cancer","Reactome_Pathways","cancer"
"HEY2","hes related family bHLH transcription factor with YRPW motif 2","23493","R-HSA-2644602","Homo sapiens: Signaling by NOTCH1 PEST Domain Mutants in Cancer","Reactome_Pathways","cancer"
"KAT2A","lysine acetyltransferase 2A","2648","R-HSA-2644602","Homo sapiens: Signaling by NOTCH1 PEST Domain Mutants in Cancer","Reactome_Pathways","cancer"
"HEYL","hes related family bHLH transcription factor with YRPW motif like","26508","R-HSA-2644602","Homo sapiens: Signaling by NOTCH1 PEST Domain Mutants in Cancer","Reactome_Pathways","cancer"
"DLL1","delta like canonical Notch ligand 1","28514","R-HSA-2644602","Homo sapiens: Signaling by NOTCH1 PEST Domain Mutants in Cancer","Reactome_Pathways","cancer"
"HDAC1","histone deacetylase 1","3065","R-HSA-2644602","Homo sapiens: Signaling by NOTCH1 PEST Domain Mutants in Cancer","Reactome_Pathways","cancer"
"HDAC2","histone deacetylase 2","3066","R-HSA-2644602","Homo sapiens: Signaling by NOTCH1 PEST Domain Mutants in Cancer","Reactome_Pathways","cancer"
"HES1","hes family bHLH transcription factor 1","3280","R-HSA-2644602","Homo sapiens: Signaling by NOTCH1 PEST Domain Mutants in Cancer","Reactome_Pathways","cancer"
"RBPJ","recombination signal binding protein for immunoglobulin kappa J region","3516","R-HSA-2644602","Homo sapiens: Signaling by NOTCH1 PEST Domain Mutants in Cancer","Reactome_Pathways","cancer"
"JAG2","jagged canonical Notch ligand 2","3714","R-HSA-2644602","Homo sapiens: Signaling by NOTCH1 PEST Domain Mutants in Cancer","Reactome_Pathways","cancer"
"HES5","hes family bHLH transcription factor 5","388585","R-HSA-2644602","Homo sapiens: Signaling by NOTCH1 PEST Domain Mutants in Cancer","Reactome_Pathways","cancer"
"MYC","MYC proto-oncogene, bHLH transcription factor","4609","R-HSA-2644602","Homo sapiens: Signaling by NOTCH1 PEST Domain Mutants in Cancer","Reactome_Pathways","cancer"
"NOTCH1","notch receptor 1","4851","R-HSA-2644602","Homo sapiens: Signaling by NOTCH1 PEST Domain Mutants in Cancer","Reactome_Pathways","cancer"
"APH1A","aph-1 homolog A, gamma-secretase subunit","51107","R-HSA-2644602","Homo sapiens: Signaling by NOTCH1 PEST Domain Mutants in Cancer","Reactome_Pathways","cancer"
"HDAC7","histone deacetylase 7","51564","R-HSA-2644602","Homo sapiens: Signaling by NOTCH1 PEST Domain Mutants in Cancer","Reactome_Pathways","cancer"
"NEURL1B","neuralized E3 ubiquitin protein ligase 1B","54492","R-HSA-2644602","Homo sapiens: Signaling by NOTCH1 PEST Domain Mutants in Cancer","Reactome_Pathways","cancer"
"DLL4","delta like canonical Notch ligand 4","54567","R-HSA-2644602","Homo sapiens: Signaling by NOTCH1 PEST Domain Mutants in Cancer","Reactome_Pathways","cancer"
"FBXW7","F-box and WD repeat domain containing 7","55294","R-HSA-2644602","Homo sapiens: Signaling by NOTCH1 PEST Domain Mutants in Cancer","Reactome_Pathways","cancer"
"MAML3","mastermind like transcriptional coactivator 3","55534","R-HSA-2644602","Homo sapiens: Signaling by NOTCH1 PEST Domain Mutants in Cancer","Reactome_Pathways","cancer"
"PSENEN","presenilin enhancer, gamma-secretase subunit","55851","R-HSA-2644602","Homo sapiens: Signaling by NOTCH1 PEST Domain Mutants in Cancer","Reactome_Pathways","cancer"
"HDAC8","histone deacetylase 8","55869","R-HSA-2644602","Homo sapiens: Signaling by NOTCH1 PEST Domain Mutants in Cancer","Reactome_Pathways","cancer"
"PSEN1","presenilin 1","5663","R-HSA-2644602","Homo sapiens: Signaling by NOTCH1 PEST Domain Mutants in Cancer","Reactome_Pathways","cancer"
"PSEN2","presenilin 2","5664","R-HSA-2644602","Homo sapiens: Signaling by NOTCH1 PEST Domain Mutants in Cancer","Reactome_Pathways","cancer"
"MIB1","MIB E3 ubiquitin protein ligase 1","57534","R-HSA-2644602","Homo sapiens: Signaling by NOTCH1 PEST Domain Mutants in Cancer","Reactome_Pathways","cancer"
"SKP1","S-phase kinase associated protein 1","6500","R-HSA-2644602","Homo sapiens: Signaling by NOTCH1 PEST Domain Mutants in Cancer","Reactome_Pathways","cancer"
"ADAM17","ADAM metallopeptidase domain 17","6868","R-HSA-2644602","Homo sapiens: Signaling by NOTCH1 PEST Domain Mutants in Cancer","Reactome_Pathways","cancer"
"TBL1X","transducin beta like 1 X-linked","6907","R-HSA-2644602","Homo sapiens: Signaling by NOTCH1 PEST Domain Mutants in Cancer","Reactome_Pathways","cancer"
"TBL1XR1","TBL1X/Y related 1","79718","R-HSA-2644602","Homo sapiens: Signaling by NOTCH1 PEST Domain Mutants in Cancer","Reactome_Pathways","cancer"
"HDAC11","histone deacetylase 11","79885","R-HSA-2644602","Homo sapiens: Signaling by NOTCH1 PEST Domain Mutants in Cancer","Reactome_Pathways","cancer"
"APH1B","aph-1 homolog B, gamma-secretase subunit","83464","R-HSA-2644602","Homo sapiens: Signaling by NOTCH1 PEST Domain Mutants in Cancer","Reactome_Pathways","cancer"
"HDAC10","histone deacetylase 10","83933","R-HSA-2644602","Homo sapiens: Signaling by NOTCH1 PEST Domain Mutants in Cancer","Reactome_Pathways","cancer"
"MAML2","mastermind like transcriptional coactivator 2","84441","R-HSA-2644602","Homo sapiens: Signaling by NOTCH1 PEST Domain Mutants in Cancer","Reactome_Pathways","cancer"
"CUL1","cullin 1","8454","R-HSA-2644602","Homo sapiens: Signaling by NOTCH1 PEST Domain Mutants in Cancer","Reactome_Pathways","cancer"
"HDAC3","histone deacetylase 3","8841","R-HSA-2644602","Homo sapiens: Signaling by NOTCH1 PEST Domain Mutants in Cancer","Reactome_Pathways","cancer"
"KAT2B","lysine acetyltransferase 2B","8850","R-HSA-2644602","Homo sapiens: Signaling by NOTCH1 PEST Domain Mutants in Cancer","Reactome_Pathways","cancer"
"CCNC","cyclin C","892","R-HSA-2644602","Homo sapiens: Signaling by NOTCH1 PEST Domain Mutants in Cancer","Reactome_Pathways","cancer"
"NEURL1","neuralized E3 ubiquitin protein ligase 1","9148","R-HSA-2644602","Homo sapiens: Signaling by NOTCH1 PEST Domain Mutants in Cancer","Reactome_Pathways","cancer"
"NCOR1","nuclear receptor corepressor 1","9611","R-HSA-2644602","Homo sapiens: Signaling by NOTCH1 PEST Domain Mutants in Cancer","Reactome_Pathways","cancer"
"NCOR2","nuclear receptor corepressor 2","9612","R-HSA-2644602","Homo sapiens: Signaling by NOTCH1 PEST Domain Mutants in Cancer","Reactome_Pathways","cancer"
"HDAC9","histone deacetylase 9","9734","R-HSA-2644602","Homo sapiens: Signaling by NOTCH1 PEST Domain Mutants in Cancer","Reactome_Pathways","cancer"
"HDAC4","histone deacetylase 4","9759","R-HSA-2644602","Homo sapiens: Signaling by NOTCH1 PEST Domain Mutants in Cancer","Reactome_Pathways","cancer"
"MAML1","mastermind like transcriptional coactivator 1","9794","R-HSA-2644602","Homo sapiens: Signaling by NOTCH1 PEST Domain Mutants in Cancer","Reactome_Pathways","cancer"
"RBX1","ring-box 1","9978","R-HSA-2644602","Homo sapiens: Signaling by NOTCH1 PEST Domain Mutants in Cancer","Reactome_Pathways","cancer"
"SMAD2","SMAD family member 2","4087","R-HSA-3304347","Homo sapiens: Loss of Function of SMAD4 in Cancer","Reactome_Pathways","cancer"
"SMAD3","SMAD family member 3","4088","R-HSA-3304347","Homo sapiens: Loss of Function of SMAD4 in Cancer","Reactome_Pathways","cancer"
"SMAD4","SMAD family member 4","4089","R-HSA-3304347","Homo sapiens: Loss of Function of SMAD4 in Cancer","Reactome_Pathways","cancer"
"TGFB1","transforming growth factor beta 1","7040","R-HSA-3304349","Homo sapiens: Loss of Function of SMAD2/3 in Cancer","Reactome_Pathways","cancer"
"TGFBR1","transforming growth factor beta receptor 1","7046","R-HSA-3304349","Homo sapiens: Loss of Function of SMAD2/3 in Cancer","Reactome_Pathways","cancer"
"TGFBR2","transforming growth factor beta receptor 2","7048","R-HSA-3304349","Homo sapiens: Loss of Function of SMAD2/3 in Cancer","Reactome_Pathways","cancer"
"ZFYVE9","zinc finger FYVE-type containing 9","9372","R-HSA-3304349","Homo sapiens: Loss of Function of SMAD2/3 in Cancer","Reactome_Pathways","cancer"
"FKBP1A","FKBP prolyl isomerase 1A","2280","R-HSA-3304351","Homo sapiens: Signaling by TGF-beta Receptor Complex in Cancer","Reactome_Pathways","cancer"
"AMER1","APC membrane recruitment protein 1","139285","R-HSA-4791275","Homo sapiens: Signaling by WNT in cancer","Reactome_Pathways","cancer"
"CSNK1A1","casein kinase 1 alpha 1","1452","R-HSA-4791275","Homo sapiens: Signaling by WNT in cancer","Reactome_Pathways","cancer"
"CTBP1","C-terminal binding protein 1","1487","R-HSA-4791275","Homo sapiens: Signaling by WNT in cancer","Reactome_Pathways","cancer"
"CTBP2","C-terminal binding protein 2","1488","R-HSA-4791275","Homo sapiens: Signaling by WNT in cancer","Reactome_Pathways","cancer"
"CTNNB1","catenin beta 1","1499","R-HSA-4791275","Homo sapiens: Signaling by WNT in cancer","Reactome_Pathways","cancer"
"DKK1","dickkopf WNT signaling pathway inhibitor 1","22943","R-HSA-4791275","Homo sapiens: Signaling by WNT in cancer","Reactome_Pathways","cancer"
"DKK4","dickkopf WNT signaling pathway inhibitor 4","27121","R-HSA-4791275","Homo sapiens: Signaling by WNT in cancer","Reactome_Pathways","cancer"
"DKK2","dickkopf WNT signaling pathway inhibitor 2","27123","R-HSA-4791275","Homo sapiens: Signaling by WNT in cancer","Reactome_Pathways","cancer"
"APC","APC regulator of WNT signaling pathway","324","R-HSA-4791275","Homo sapiens: Signaling by WNT in cancer","Reactome_Pathways","cancer"
"LRP6","LDL receptor related protein 6","4040","R-HSA-4791275","Homo sapiens: Signaling by WNT in cancer","Reactome_Pathways","cancer"
"LRP5","LDL receptor related protein 5","4041","R-HSA-4791275","Homo sapiens: Signaling by WNT in cancer","Reactome_Pathways","cancer"
"RNF43","ring finger protein 43","54894","R-HSA-4791275","Homo sapiens: Signaling by WNT in cancer","Reactome_Pathways","cancer"
"PPP2CA","protein phosphatase 2 catalytic subunit alpha","5515","R-HSA-4791275","Homo sapiens: Signaling by WNT in cancer","Reactome_Pathways","cancer"
"PPP2CB","protein phosphatase 2 catalytic subunit beta","5516","R-HSA-4791275","Homo sapiens: Signaling by WNT in cancer","Reactome_Pathways","cancer"
"PPP2R1A","protein phosphatase 2 scaffold subunit Aalpha","5518","R-HSA-4791275","Homo sapiens: Signaling by WNT in cancer","Reactome_Pathways","cancer"
"PPP2R1B","protein phosphatase 2 scaffold subunit Abeta","5519","R-HSA-4791275","Homo sapiens: Signaling by WNT in cancer","Reactome_Pathways","cancer"
"PPP2R5A","protein phosphatase 2 regulatory subunit B'alpha","5525","R-HSA-4791275","Homo sapiens: Signaling by WNT in cancer","Reactome_Pathways","cancer"
"PPP2R5B","protein phosphatase 2 regulatory subunit B'beta","5526","R-HSA-4791275","Homo sapiens: Signaling by WNT in cancer","Reactome_Pathways","cancer"
"PPP2R5C","protein phosphatase 2 regulatory subunit B'gamma","5527","R-HSA-4791275","Homo sapiens: Signaling by WNT in cancer","Reactome_Pathways","cancer"
"PPP2R5D","protein phosphatase 2 regulatory subunit B'delta","5528","R-HSA-4791275","Homo sapiens: Signaling by WNT in cancer","Reactome_Pathways","cancer"
"PPP2R5E","protein phosphatase 2 regulatory subunit B'epsilon","5529","R-HSA-4791275","Homo sapiens: Signaling by WNT in cancer","Reactome_Pathways","cancer"
"PORCN","porcupine O-acyltransferase","64840","R-HSA-4791275","Homo sapiens: Signaling by WNT in cancer","Reactome_Pathways","cancer"
"TCF7L2","transcription factor 7 like 2","6934","R-HSA-4791275","Homo sapiens: Signaling by WNT in cancer","Reactome_Pathways","cancer"
"FZD5","frizzled class receptor 5","7855","R-HSA-4791275","Homo sapiens: Signaling by WNT in cancer","Reactome_Pathways","cancer"
"KREMEN2","kringle containing transmembrane protein 2","79412","R-HSA-4791275","Homo sapiens: Signaling by WNT in cancer","Reactome_Pathways","cancer"
"TNKS2","tankyrase 2","80351","R-HSA-4791275","Homo sapiens: Signaling by WNT in cancer","Reactome_Pathways","cancer"
"AXIN1","axin 1","8312","R-HSA-4791275","Homo sapiens: Signaling by WNT in cancer","Reactome_Pathways","cancer"
"FZD4","frizzled class receptor 4","8322","R-HSA-4791275","Homo sapiens: Signaling by WNT in cancer","Reactome_Pathways","cancer"
"FZD6","frizzled class receptor 6","8323","R-HSA-4791275","Homo sapiens: Signaling by WNT in cancer","Reactome_Pathways","cancer"
"FZD8","frizzled class receptor 8","8325","R-HSA-4791275","Homo sapiens: Signaling by WNT in cancer","Reactome_Pathways","cancer"
"KREMEN1","kringle containing transmembrane protein 1","83999","R-HSA-4791275","Homo sapiens: Signaling by WNT in cancer","Reactome_Pathways","cancer"
"TNKS","tankyrase","8658","R-HSA-4791275","Homo sapiens: Signaling by WNT in cancer","Reactome_Pathways","cancer"
"WNT3A","Wnt family member 3A","89780","R-HSA-4791275","Homo sapiens: Signaling by WNT in cancer","Reactome_Pathways","cancer"
"SLC22A18","solute carrier family 22 member 18","5002","R-HSA-5619066","Homo sapiens: Defective SLC22A18 causes lung cancer (LNCR) and embryonal rhabdomyosarcoma 1 (RMSE1)","Reactome_Pathways","cancer"
"CDK2","cyclin dependent kinase 2","1017","R-HSA-9659787","Homo sapiens: Aberrant regulation of mitotic G1/S transition in cancer due to RB1 defects","Reactome_Pathways","cancer"
"CDK4","cyclin dependent kinase 4","1019","R-HSA-9659787","Homo sapiens: Aberrant regulation of mitotic G1/S transition in cancer due to RB1 defects","Reactome_Pathways","cancer"
"CDK6","cyclin dependent kinase 6","1021","R-HSA-9659787","Homo sapiens: Aberrant regulation of mitotic G1/S transition in cancer due to RB1 defects","Reactome_Pathways","cancer"
"CDKN1C","cyclin dependent kinase inhibitor 1C","1028","R-HSA-9659787","Homo sapiens: Aberrant regulation of mitotic G1/S transition in cancer due to RB1 defects","Reactome_Pathways","cancer"
"E2F1","E2F transcription factor 1","1869","R-HSA-9659787","Homo sapiens: Aberrant regulation of mitotic G1/S transition in cancer due to RB1 defects","Reactome_Pathways","cancer"
"E2F2","E2F transcription factor 2","1870","R-HSA-9659787","Homo sapiens: Aberrant regulation of mitotic G1/S transition in cancer due to RB1 defects","Reactome_Pathways","cancer"
"E2F3","E2F transcription factor 3","1871","R-HSA-9659787","Homo sapiens: Aberrant regulation of mitotic G1/S transition in cancer due to RB1 defects","Reactome_Pathways","cancer"
"RB1","RB transcriptional corepressor 1","5925","R-HSA-9659787","Homo sapiens: Aberrant regulation of mitotic G1/S transition in cancer due to RB1 defects","Reactome_Pathways","cancer"
"CCND1","cyclin D1","595","R-HSA-9659787","Homo sapiens: Aberrant regulation of mitotic G1/S transition in cancer due to RB1 defects","Reactome_Pathways","cancer"
"TFDP1","transcription factor Dp-1","7027","R-HSA-9659787","Homo sapiens: Aberrant regulation of mitotic G1/S transition in cancer due to RB1 defects","Reactome_Pathways","cancer"
"TFDP2","transcription factor Dp-2","7029","R-HSA-9659787","Homo sapiens: Aberrant regulation of mitotic G1/S transition in cancer due to RB1 defects","Reactome_Pathways","cancer"
"CCND2","cyclin D2","894","R-HSA-9659787","Homo sapiens: Aberrant regulation of mitotic G1/S transition in cancer due to RB1 defects","Reactome_Pathways","cancer"
"CCND3","cyclin D3","896","R-HSA-9659787","Homo sapiens: Aberrant regulation of mitotic G1/S transition in cancer due to RB1 defects","Reactome_Pathways","cancer"
"CCNE1","cyclin E1","898","R-HSA-9659787","Homo sapiens: Aberrant regulation of mitotic G1/S transition in cancer due to RB1 defects","Reactome_Pathways","cancer"
"CCNE2","cyclin E2","9134","R-HSA-9659787","Homo sapiens: Aberrant regulation of mitotic G1/S transition in cancer due to RB1 defects","Reactome_Pathways","cancer"
"ANAPC10","anaphase promoting complex subunit 10","10393","R-HSA-9687136","Homo sapiens: Aberrant regulation of mitotic exit in cancer due to RB1 defects","Reactome_Pathways","cancer"
"UBE2C","ubiquitin conjugating enzyme E2 C","11065","R-HSA-9687136","Homo sapiens: Aberrant regulation of mitotic exit in cancer due to RB1 defects","Reactome_Pathways","cancer"
"ANAPC16","anaphase promoting complex subunit 16","119504","R-HSA-9687136","Homo sapiens: Aberrant regulation of mitotic exit in cancer due to RB1 defects","Reactome_Pathways","cancer"
"CDC26","cell division cycle 26","246184","R-HSA-9687136","Homo sapiens: Aberrant regulation of mitotic exit in cancer due to RB1 defects","Reactome_Pathways","cancer"
"ANAPC15","anaphase promoting complex subunit 15","25906","R-HSA-9687136","Homo sapiens: Aberrant regulation of mitotic exit in cancer due to RB1 defects","Reactome_Pathways","cancer"
"UBE2S","ubiquitin conjugating enzyme E2 S","27338","R-HSA-9687136","Homo sapiens: Aberrant regulation of mitotic exit in cancer due to RB1 defects","Reactome_Pathways","cancer"
"ANAPC2","anaphase promoting complex subunit 2","29882","R-HSA-9687136","Homo sapiens: Aberrant regulation of mitotic exit in cancer due to RB1 defects","Reactome_Pathways","cancer"
"ANAPC4","anaphase promoting complex subunit 4","29945","R-HSA-9687136","Homo sapiens: Aberrant regulation of mitotic exit in cancer due to RB1 defects","Reactome_Pathways","cancer"
"FZR1","fizzy and cell division cycle 20 related 1","51343","R-HSA-9687136","Homo sapiens: Aberrant regulation of mitotic exit in cancer due to RB1 defects","Reactome_Pathways","cancer"
"ANAPC5","anaphase promoting complex subunit 5","51433","R-HSA-9687136","Homo sapiens: Aberrant regulation of mitotic exit in cancer due to RB1 defects","Reactome_Pathways","cancer"
"ANAPC11","anaphase promoting complex subunit 11","51529","R-HSA-9687136","Homo sapiens: Aberrant regulation of mitotic exit in cancer due to RB1 defects","Reactome_Pathways","cancer"
"ANAPC1","anaphase promoting complex subunit 1","64682","R-HSA-9687136","Homo sapiens: Aberrant regulation of mitotic exit in cancer due to RB1 defects","Reactome_Pathways","cancer"
"SKP2","S-phase kinase associated protein 2","6502","R-HSA-9687136","Homo sapiens: Aberrant regulation of mitotic exit in cancer due to RB1 defects","Reactome_Pathways","cancer"
"UBE2D1","ubiquitin conjugating enzyme E2 D1","7321","R-HSA-9687136","Homo sapiens: Aberrant regulation of mitotic exit in cancer due to RB1 defects","Reactome_Pathways","cancer"
"UBE2E1","ubiquitin conjugating enzyme E2 E1","7324","R-HSA-9687136","Homo sapiens: Aberrant regulation of mitotic exit in cancer due to RB1 defects","Reactome_Pathways","cancer"
"CDC23","cell division cycle 23","8697","R-HSA-9687136","Homo sapiens: Aberrant regulation of mitotic exit in cancer due to RB1 defects","Reactome_Pathways","cancer"
"CDC16","cell division cycle 16","8881","R-HSA-9687136","Homo sapiens: Aberrant regulation of mitotic exit in cancer due to RB1 defects","Reactome_Pathways","cancer"
"CDC27","cell division cycle 27","996","R-HSA-9687136","Homo sapiens: Aberrant regulation of mitotic exit in cancer due to RB1 defects","Reactome_Pathways","cancer"
"TFG","trafficking from ER to golgi regulator","10342","R-HSA-9700206","Homo sapiens: Signaling by ALK in cancer","Reactome_Pathways","cancer"
"CEBPB","CCAAT enhancer binding protein beta","1051","R-HSA-9700206","Homo sapiens: Signaling by ALK in cancer","Reactome_Pathways","cancer"
"FRS3","fibroblast growth factor receptor substrate 3","10817","R-HSA-9700206","Homo sapiens: Signaling by ALK in cancer","Reactome_Pathways","cancer"
"CLTC","clathrin heavy chain","1213","R-HSA-9700206","Homo sapiens: Signaling by ALK in cancer","Reactome_Pathways","cancer"
"DCTN1","dynactin subunit 1","1639","R-HSA-9700206","Homo sapiens: Signaling by ALK in cancer","Reactome_Pathways","cancer"
"EEF1G","eukaryotic translation elongation factor 1 gamma","1937","R-HSA-9700206","Homo sapiens: Signaling by ALK in cancer","Reactome_Pathways","cancer"
"SEC31A","SEC31 homolog A, COPII coat complex component","22872","R-HSA-9700206","Homo sapiens: Signaling by ALK in cancer","Reactome_Pathways","cancer"
"FN1","fibronectin 1","2335","R-HSA-9700206","Homo sapiens: Signaling by ALK in cancer","Reactome_Pathways","cancer"
"ALK","ALK receptor tyrosine kinase","238","R-HSA-9700206","Homo sapiens: Signaling by ALK in cancer","Reactome_Pathways","cancer"
"EML4","EMAP like 4","27436","R-HSA-9700206","Homo sapiens: Signaling by ALK in cancer","Reactome_Pathways","cancer"
"HIP1","huntingtin interacting protein 1","3092","R-HSA-9700206","Homo sapiens: Signaling by ALK in cancer","Reactome_Pathways","cancer"
"JUNB","JunB proto-oncogene, AP-1 transcription factor subunit","3726","R-HSA-9700206","Homo sapiens: Signaling by ALK in cancer","Reactome_Pathways","cancer"
"KIF5B","kinesin family member 5B","3799","R-HSA-9700206","Homo sapiens: Signaling by ALK in cancer","Reactome_Pathways","cancer"
"KLC1","kinesin light chain 1","3831","R-HSA-9700206","Homo sapiens: Signaling by ALK in cancer","Reactome_Pathways","cancer"
"LMO7","LIM domain 7","4008","R-HSA-9700206","Homo sapiens: Signaling by ALK in cancer","Reactome_Pathways","cancer"
"MECP2","methyl-CpG binding protein 2","4204","R-HSA-9700206","Homo sapiens: Signaling by ALK in cancer","Reactome_Pathways","cancer"
"MSN","moesin","4478","R-HSA-9700206","Homo sapiens: Signaling by ALK in cancer","Reactome_Pathways","cancer"
"MYH9","myosin heavy chain 9","4627","R-HSA-9700206","Homo sapiens: Signaling by ALK in cancer","Reactome_Pathways","cancer"
"ATIC","5-aminoimidazole-4-carboxamide ribonucleotide formyltransferase/IMP cyclohydrolase","471","R-HSA-9700206","Homo sapiens: Signaling by ALK in cancer","Reactome_Pathways","cancer"
"NPM1","nucleophosmin 1","4869","R-HSA-9700206","Homo sapiens: Signaling by ALK in cancer","Reactome_Pathways","cancer"
"ZC3HC1","zinc finger C3HC-type containing 1","51530","R-HSA-9700206","Homo sapiens: Signaling by ALK in cancer","Reactome_Pathways","cancer"
"BCL11A","BCL11 transcription factor A","53335","R-HSA-9700206","Homo sapiens: Signaling by ALK in cancer","Reactome_Pathways","cancer"
"PPM1B","protein phosphatase, Mg2+/Mn2+ dependent 1B","5495","R-HSA-9700206","Homo sapiens: Signaling by ALK in cancer","Reactome_Pathways","cancer"
"PRKAR1A","protein kinase cAMP-dependent type I regulatory subunit alpha","5573","R-HSA-9700206","Homo sapiens: Signaling by ALK in cancer","Reactome_Pathways","cancer"
"MAPK1","mitogen-activated protein kinase 1","5594","R-HSA-9700206","Homo sapiens: Signaling by ALK in cancer","Reactome_Pathways","cancer"
"MAPK3","mitogen-activated protein kinase 3","5595","R-HSA-9700206","Homo sapiens: Signaling by ALK in cancer","Reactome_Pathways","cancer"
"BIRC6","baculoviral IAP repeat containing 6","57448","R-HSA-9700206","Homo sapiens: Signaling by ALK in cancer","Reactome_Pathways","cancer"
"RNF213","ring finger protein 213","57674","R-HSA-9700206","Homo sapiens: Signaling by ALK in cancer","Reactome_Pathways","cancer"
"RANBP2","RAN binding protein 2","5903","R-HSA-9700206","Homo sapiens: Signaling by ALK in cancer","Reactome_Pathways","cancer"
"BCL2A1","BCL2 related protein A1","597","R-HSA-9700206","Homo sapiens: Signaling by ALK in cancer","Reactome_Pathways","cancer"
"RPS6","ribosomal protein S6","6194","R-HSA-9700206","Homo sapiens: Signaling by ALK in cancer","Reactome_Pathways","cancer"
"RRBP1","ribosome binding protein 1","6238","R-HSA-9700206","Homo sapiens: Signaling by ALK in cancer","Reactome_Pathways","cancer"
"STAT3","signal transducer and activator of transcription 3","6774","R-HSA-9700206","Homo sapiens: Signaling by ALK in cancer","Reactome_Pathways","cancer"
"STAT5A","signal transducer and activator of transcription 5A","6776","R-HSA-9700206","Homo sapiens: Signaling by ALK in cancer","Reactome_Pathways","cancer"
"TPM3","tropomyosin 3","7170","R-HSA-9700206","Homo sapiens: Signaling by ALK in cancer","Reactome_Pathways","cancer"
"TPM4","tropomyosin 4","7171","R-HSA-9700206","Homo sapiens: Signaling by ALK in cancer","Reactome_Pathways","cancer"
"TPR","translocated promoter region, nuclear basket protein","7175","R-HSA-9700206","Homo sapiens: Signaling by ALK in cancer","Reactome_Pathways","cancer"
"VCL","vinculin","7414","R-HSA-9700206","Homo sapiens: Signaling by ALK in cancer","Reactome_Pathways","cancer"
"WDCP","WD repeat and coiled coil containing","80304","R-HSA-9700206","Homo sapiens: Signaling by ALK in cancer","Reactome_Pathways","cancer"
"CARS1","cysteinyl-tRNA synthetase 1","833","R-HSA-9700206","Homo sapiens: Signaling by ALK in cancer","Reactome_Pathways","cancer"
"PPFIBP1","PPFIA binding protein 1","8496","R-HSA-9700206","Homo sapiens: Signaling by ALK in cancer","Reactome_Pathways","cancer"
"SQSTM1","sequestosome 1","8878","R-HSA-9700206","Homo sapiens: Signaling by ALK in cancer","Reactome_Pathways","cancer"
"EIF2AK3","eukaryotic translation initiation factor 2 alpha kinase 3","9451","R-HSA-9700206","Homo sapiens: Signaling by ALK in cancer","Reactome_Pathways","cancer"
"GCC2","GRIP and coiled-coil domain containing 2","9648","R-HSA-9700206","Homo sapiens: Signaling by ALK in cancer","Reactome_Pathways","cancer"
"TP53","tumor protein p53","7157","R-HSA-9723905","Homo sapiens: Loss of function of TP53 in cancer due to loss of tetramerization ability","Reactome_Pathways","cancer"
